DELETE FROM `step-test`.answers;
DELETE FROM `step-test`.results;
DELETE FROM `step-test`.test_question;
DELETE FROM `step-test`.tests;
DELETE FROM `step-test`.options;
DELETE FROM `step-test`.questions;

DELETE FROM `step-homework`.student_answer;
DELETE FROM `step-homework`.homework;

UPDATE account.`group` SET teacher_id = null;
DELETE FROM account.registration_request;
DELETE FROM account.user;
DELETE FROM account.`group`;

# ------------------------ STEP-ACCOUNT

INSERT INTO account.`group` (id, start_date, subject, name, training_period, teacher_id) VALUES (1, '2021-01-04 21:07:00.290000', 'COMPUTER_SCIENCE', 'J2021', 3, null);
INSERT INTO account.`group` (id, start_date, subject, name, training_period, teacher_id) VALUES (2, '2021-01-04 21:07:00.290000', 'COMPUTER_SCIENCE', 'J2121', 3, null);

INSERT INTO account.user (id, email, last_login_date, last_name, name, password, registration_date, role, group_id, rating) VALUES (1, 'bob@gmail.com', null, 'Bobson', 'Bob', '12345678', '2021-02-12 09:28:28.188546', 'TEACHER', null, null);
INSERT INTO account.user (id, email, last_login_date, last_name, name, password, registration_date, role, group_id, rating) VALUES (2, 'st1@gmail.com', null, 'Bailey', 'Olivier', '12345678', '2021-02-12 09:28:28.188546', 'STUDENT', 1, null);
INSERT INTO account.user (id, email, last_login_date, last_name, name, password, registration_date, role, group_id, rating) VALUES (3, 'st2@gmail.com', null, 'Jenkins', 'Erick', '12345678', '2021-02-12 09:28:28.188546', 'STUDENT', 1, null);
INSERT INTO account.user (id, email, last_login_date, last_name, name, password, registration_date, role, group_id, rating) VALUES (4, 'st3@gmail.com', null, 'Flores', 'Bryson', '12345678', '2021-02-12 09:28:28.188546', 'STUDENT', 1, null);
INSERT INTO account.user (id, email, last_login_date, last_name, name, password, registration_date, role, group_id, rating) VALUES (5, 'st4@gmail.com', null, 'Wood', 'Xiomar', '12345678', '2021-02-12 09:28:28.188546', 'STUDENT', 1, null);
INSERT INTO account.user (id, email, last_login_date, last_name, name, password, registration_date, role, group_id, rating) VALUES (6, 'st5@gmail.com', null, 'Evans', 'Xun', '12345678', '2021-02-12 09:28:28.188546', 'STUDENT', 1, null);
INSERT INTO account.user (id, email, last_login_date, last_name, name, password, registration_date, role, group_id, rating) VALUES (7, 'st6@gmail.com', null, 'Garcia', 'Erick', '12345678', '2021-02-12 09:28:28.188546', 'STUDENT', 1, null);
INSERT INTO account.user (id, email, last_login_date, last_name, name, password, registration_date, role, group_id, rating) VALUES (8, 'st7@gmail.com', null, 'White', 'Yoshiaki', '12345678', '2021-02-12 09:28:28.188546', 'STUDENT', 1, null);
INSERT INTO account.user (id, email, last_login_date, last_name, name, password, registration_date, role, group_id, rating) VALUES (9, 'st8@gmail.com', null, 'Davis', 'Filip', '12345678', '2021-02-12 09:28:28.188546', 'STUDENT', 1, null);
INSERT INTO account.user (id, email, last_login_date, last_name, name, password, registration_date, role, group_id, rating) VALUES (10, 'st9@gmail.com', null, 'Alexander', 'Eduardo', '12345678', '2021-02-12 09:28:28.188546', 'STUDENT', 1, null);
INSERT INTO account.user (id, email, last_login_date, last_name, name, password, registration_date, role, group_id, rating) VALUES (11, 'st10@gmail.com', null, 'Nelson', 'Forrest', '12345678', '2021-02-12 09:28:28.188546', 'STUDENT', 1, null);
INSERT INTO account.user (id, email, last_login_date, last_name, name, password, registration_date, role, group_id, rating) VALUES (12, 'st11@gmail.com', null, 'Richardson', 'Stanley', '12345678', '2021-02-12 09:28:28.188546', 'STUDENT', 2, null);
INSERT INTO account.user (id, email, last_login_date, last_name, name, password, registration_date, role, group_id, rating) VALUES (13, 'st12@gmail.com', null, 'Parker', 'Zeus', '12345678', '2021-02-12 09:28:28.188546', 'STUDENT', 2, null);
INSERT INTO account.user (id, email, last_login_date, last_name, name, password, registration_date, role, group_id, rating) VALUES (14, 'st13@gmail.com', null, 'Hall', 'Hugo', '12345678', '2021-02-12 09:28:28.188546', 'STUDENT', 1, null);
INSERT INTO account.user (id, email, last_login_date, last_name, name, password, registration_date, role, group_id, rating) VALUES (15, 'st14@gmail.com', null, 'Bell', 'Zachary', '12345678', '2021-02-12 09:28:28.188546', 'STUDENT', 2, null);
INSERT INTO account.user (id, email, last_login_date, last_name, name, password, registration_date, role, group_id, rating) VALUES (16, 'st15@gmail.com', null, 'Flores', 'Francesco', '12345678', '2021-02-12 09:28:28.188546', 'STUDENT', 2, null);
INSERT INTO account.user (id, email, last_login_date, last_name, name, password, registration_date, role, group_id, rating) VALUES (17, 'st16@gmail.com', null, 'Wright', 'Oliver', '12345678', '2021-02-12 09:28:28.188546', 'STUDENT', 1, null);
INSERT INTO account.user (id, email, last_login_date, last_name, name, password, registration_date, role, group_id, rating) VALUES (18, 'st17@gmail.com', null, 'Hayes', 'Jake', '12345678', '2021-02-12 09:28:28.188546', 'STUDENT', 2, null);
INSERT INTO account.user (id, email, last_login_date, last_name, name, password, registration_date, role, group_id, rating) VALUES (19, 'st18@gmail.com', null, 'Wright', 'Anthony', '12345678', '2021-02-12 09:28:28.188546', 'STUDENT', 1, null);
INSERT INTO account.user (id, email, last_login_date, last_name, name, password, registration_date, role, group_id, rating) VALUES (20, 'st19@gmail.com', null, 'Williams', 'Korbin', '12345678', '2021-02-12 09:28:28.188546', 'STUDENT', 2, null);
INSERT INTO account.user (id, email, last_login_date, last_name, name, password, registration_date, role, group_id, rating) VALUES (21, 'st20@gmail.com', null, 'Kelly', 'Zackery', '12345678', '2021-02-12 09:28:28.188546', 'STUDENT', 2, null);
INSERT INTO account.user (id, email, last_login_date, last_name, name, password, registration_date, role, group_id, rating) VALUES (22, 'st21@gmail.com', null, 'Walker', 'Fox', '12345678', '2021-02-12 09:28:28.188546', 'STUDENT', 2, null);


UPDATE account.`group` SET teacher_id = 1;

INSERT INTO account.registration_request (id, status, user_id, admin_id) VALUES (1, 'ACCEPTED', 1, null);
INSERT INTO account.registration_request (id, status, user_id, admin_id) VALUES (2, 'ACCEPTED', 2, null);
INSERT INTO account.registration_request (id, status, user_id, admin_id) VALUES (3, 'PENDING', 3, null);
INSERT INTO account.registration_request (id, status, user_id, admin_id) VALUES (4, 'ACCEPTED', 4, null);
INSERT INTO account.registration_request (id, status, user_id, admin_id) VALUES (5, 'PENDING', 5, null);
INSERT INTO account.registration_request (id, status, user_id, admin_id) VALUES (6, 'PENDING', 6, null);
INSERT INTO account.registration_request (id, status, user_id, admin_id) VALUES (7, 'ACCEPTED', 7, null);
INSERT INTO account.registration_request (id, status, user_id, admin_id) VALUES (8, 'ACCEPTED', 8, null);
INSERT INTO account.registration_request (id, status, user_id, admin_id) VALUES (9, 'ACCEPTED', 9, null);
INSERT INTO account.registration_request (id, status, user_id, admin_id) VALUES (10, 'ACCEPTED', 10, null);
INSERT INTO account.registration_request (id, status, user_id, admin_id) VALUES (11, 'ACCEPTED', 11, null);
INSERT INTO account.registration_request (id, status, user_id, admin_id) VALUES (12, 'ACCEPTED', 12, null);
INSERT INTO account.registration_request (id, status, user_id, admin_id) VALUES (13, 'ACCEPTED', 13, null);
INSERT INTO account.registration_request (id, status, user_id, admin_id) VALUES (14, 'ACCEPTED', 14, null);
INSERT INTO account.registration_request (id, status, user_id, admin_id) VALUES (15, 'PENDING', 15, null);
INSERT INTO account.registration_request (id, status, user_id, admin_id) VALUES (16, 'ACCEPTED', 16, null);
INSERT INTO account.registration_request (id, status, user_id, admin_id) VALUES (17, 'ACCEPTED', 17, null);
INSERT INTO account.registration_request (id, status, user_id, admin_id) VALUES (18, 'ACCEPTED', 18, null);
INSERT INTO account.registration_request (id, status, user_id, admin_id) VALUES (19, 'ACCEPTED', 19, null);
INSERT INTO account.registration_request (id, status, user_id, admin_id) VALUES (20, 'ACCEPTED', 20, null);
INSERT INTO account.registration_request (id, status, user_id, admin_id) VALUES (21, 'ACCEPTED', 21, null);
INSERT INTO account.registration_request (id, status, user_id, admin_id) VALUES (22, 'ACCEPTED', 22, null);

# ------------------------------------ STEP-TEST

INSERT INTO `step-test`.questions (id, author_id, status, text, code_block, language, level, type) VALUES (1, 1, 'NEW', 'Что будет выведено в консоль после запуска метода?', 'public void doSomething() {

    System.out.println("1");

}', 'JAVA', 'MEDIUM', 'SELECT_ONE');
INSERT INTO `step-test`.questions (id, author_id, status, text, code_block, language, level, type) VALUES (2, 1, 'NEW', 'Что такое ООП?', '', 'JAVA', 'HIGH', 'SELECT_ONE');
INSERT INTO `step-test`.questions (id, author_id, status, text, code_block, language, level, type) VALUES (3, 1, 'NEW', 'Что такое класс в Java?', '', 'JAVA', 'MEDIUM', 'SELECT_ONE');
INSERT INTO `step-test`.questions (id, author_id, status, text, code_block, language, level, type) VALUES (4, 1, 'NEW', 'Как объявить класс в коде?', '', 'JAVA', 'MEDIUM', 'SELECT_ONE');
INSERT INTO `step-test`.questions (id, author_id, status, text, code_block, language, level, type) VALUES (5, 1, 'NEW', 'Для чего используется оператор NEW?', '', 'JAVA', 'MEDIUM', 'SELECT_ONE');


INSERT INTO `step-test`.options (id, is_correct, text, question_id) VALUES (1, false, '0', 1);
INSERT INTO `step-test`.options (id, is_correct, text, question_id) VALUES (2, true, '1', 1);
INSERT INTO `step-test`.options (id, is_correct, text, question_id) VALUES (3, false, '2', 1);
INSERT INTO `step-test`.options (id, is_correct, text, question_id) VALUES (4, false, '3', 1);
INSERT INTO `step-test`.options (id, is_correct, text, question_id) VALUES (5, false, 'Объектно-ориентированное программирование — методология программирования, основанная на представлении программы в виде совокупности объектов, каждый из которых является экземпляром определенного класса, а классы образуют иерархию наследования.', 2);
INSERT INTO `step-test`.options (id, is_correct, text, question_id) VALUES (6, false, 'Объектно-ориентированное программирование — так называют любой тип программирования, в котором используются понятия высокого уровня и, в отличие от Assembler, в котором не работают напрямую с ячейками памяти ПК.', 2);
INSERT INTO `step-test`.options (id, is_correct, text, question_id) VALUES (7, false, 'Объектно-ориентированное программирование — просто красивое понятие. Если вдуматься, оно не несет дополнительной смысловой нагрузки, просто программисты любят аббревиатуры, так области их знаний выглядят сложнее.', 2);
INSERT INTO `step-test`.options (id, is_correct, text, question_id) VALUES (8, true, 'Очень одинокий программист.', 2);
INSERT INTO `step-test`.options (id, is_correct, text, question_id) VALUES (9, false, 'Уровень сложности программы. Все операторы делятся на классы в зависимости от сложности их использования.', 3);
INSERT INTO `step-test`.options (id, is_correct, text, question_id) VALUES (10, false, 'Базовый элемент объектно-ориентирован­ного программирования в языке Java.', 3);
INSERT INTO `step-test`.options (id, is_correct, text, question_id) VALUES (11, false, 'Просто одно из возможных названий переменной.', 3);
INSERT INTO `step-test`.options (id, is_correct, text, question_id) VALUES (12, true, 'Такое понятие есть только в C++, в Java такого понятия нет.', 3);
INSERT INTO `step-test`.options (id, is_correct, text, question_id) VALUES (13, false, 'class MyClass {}', 4);
INSERT INTO `step-test`.options (id, is_correct, text, question_id) VALUES (14, true, 'new class MyClass {}', 4);
INSERT INTO `step-test`.options (id, is_correct, text, question_id) VALUES (15, false, 'select * from class MyClass {}', 4);
INSERT INTO `step-test`.options (id, is_correct, text, question_id) VALUES (16, false, 'MyClass extends class {}', 4);
INSERT INTO `step-test`.options (id, is_correct, text, question_id) VALUES (17, true, 'Для создания новой переменной.', 5);
INSERT INTO `step-test`.options (id, is_correct, text, question_id) VALUES (18, false, 'Для объявления нового класса.', 5);
INSERT INTO `step-test`.options (id, is_correct, text, question_id) VALUES (19, false, 'Для создания экземпляра класса.', 5);
INSERT INTO `step-test`.options (id, is_correct, text, question_id) VALUES (20, false, 'Это антагонист оператора OLD.', 5);


INSERT INTO `step-test`.tests (id, author_id, direction, language, level, name, rating, status) VALUES (1, 1, 'BACKEND', 'JAVA', 'MEDIUM', 'Основы Java', null, 'NEW');
INSERT INTO `step-test`.tests (id, author_id, direction, language, level, name, rating, status) VALUES (2, 1, 'BACKEND', 'JAVA', 'MEDIUM', 'Hibernate basics', null, 'NEW');
INSERT INTO `step-test`.tests (id, author_id, direction, language, level, name, rating, status) VALUES (3, 1, 'BACKEND', 'JAVA', 'MEDIUM', 'Spring Framework', null, 'NEW');


INSERT INTO `step-test`.test_question (test_id, question_id) VALUES (1, 1);
INSERT INTO `step-test`.test_question (test_id, question_id) VALUES (1, 2);
INSERT INTO `step-test`.test_question (test_id, question_id) VALUES (1, 3);
INSERT INTO `step-test`.test_question (test_id, question_id) VALUES (1, 4);
INSERT INTO `step-test`.test_question (test_id, question_id) VALUES (1, 5);
INSERT INTO `step-test`.test_question (test_id, question_id) VALUES (2, 1);
INSERT INTO `step-test`.test_question (test_id, question_id) VALUES (2, 2);
INSERT INTO `step-test`.test_question (test_id, question_id) VALUES (2, 3);
INSERT INTO `step-test`.test_question (test_id, question_id) VALUES (2, 4);
INSERT INTO `step-test`.test_question (test_id, question_id) VALUES (2, 5);
INSERT INTO `step-test`.test_question (test_id, question_id) VALUES (3, 1);
INSERT INTO `step-test`.test_question (test_id, question_id) VALUES (3, 2);
INSERT INTO `step-test`.test_question (test_id, question_id) VALUES (3, 3);
INSERT INTO `step-test`.test_question (test_id, question_id) VALUES (3, 4);
INSERT INTO `step-test`.test_question (test_id, question_id) VALUES (3, 5);


INSERT INTO `step-test`.results (id, score, user_id, test_id, time_spent) VALUES (1, 0, 1, 1, '4614');
INSERT INTO `step-test`.results (id, score, user_id, test_id, time_spent) VALUES (2, 0, 1, 2, '3650');
INSERT INTO `step-test`.results (id, score, user_id, test_id, time_spent) VALUES (3, 0, 1, 3, '2626');


INSERT INTO `step-test`.answers (is_correct, chosen_option, question_id, result_id) VALUES (false, null, 1, 1);
INSERT INTO `step-test`.answers (is_correct, chosen_option, question_id, result_id) VALUES (false, null, 2, 1);
INSERT INTO `step-test`.answers (is_correct, chosen_option, question_id, result_id) VALUES (false, null, 3, 1);
INSERT INTO `step-test`.answers (is_correct, chosen_option, question_id, result_id) VALUES (false, null, 4, 1);
INSERT INTO `step-test`.answers (is_correct, chosen_option, question_id, result_id) VALUES (false, null, 5, 1);
INSERT INTO `step-test`.answers (is_correct, chosen_option, question_id, result_id) VALUES (false, null, 1, 2);
INSERT INTO `step-test`.answers (is_correct, chosen_option, question_id, result_id) VALUES (false, null, 2, 2);
INSERT INTO `step-test`.answers (is_correct, chosen_option, question_id, result_id) VALUES (true, null, 3, 2);
INSERT INTO `step-test`.answers (is_correct, chosen_option, question_id, result_id) VALUES (true, null, 4, 2);
INSERT INTO `step-test`.answers (is_correct, chosen_option, question_id, result_id) VALUES (true, null, 5, 2);
INSERT INTO `step-test`.answers (is_correct, chosen_option, question_id, result_id) VALUES (false, null, 1, 3);
INSERT INTO `step-test`.answers (is_correct, chosen_option, question_id, result_id) VALUES (false, null, 2, 3);
INSERT INTO `step-test`.answers (is_correct, chosen_option, question_id, result_id) VALUES (true, null, 3, 3);
INSERT INTO `step-test`.answers (is_correct, chosen_option, question_id, result_id) VALUES (true, null, 4, 3);
INSERT INTO `step-test`.answers (is_correct, chosen_option, question_id, result_id) VALUES (true, null, 5, 3);

# -------------------------------------------- STEP-HOMEWORK

INSERT INTO `step-homework`.homework (id, created, dead_line, group_id, teacher_id, topic, description, task_resource_url, lesson_date) VALUES (1, '2021-04-22 19:22:09', '2021-05-06 19:14:37', 1, 1, 'Язык программирования Java', 'Lorem ipsum dolor sit amet, consectetuer adipiscing elit. Aenean commodo', 'awesome_site.zip', '2021-03-31 21:00:00');
INSERT INTO `step-homework`.homework (id, created, dead_line, group_id, teacher_id, topic, description, task_resource_url, lesson_date) VALUES (2, '2021-04-22 19:23:11', '2021-05-12 21:00:00', 1, 1, 'Lorem ipsum dolor sit amet, consectetuer', 'Lorem ipsum dolor sit amet, consectetuer adipiscing elit. Aenean commodo', 'achievTEST.svg', '2021-04-04 21:00:00');
INSERT INTO `step-homework`.homework (id, created, dead_line, group_id, teacher_id, topic, description, task_resource_url, lesson_date) VALUES (3, '2021-04-22 19:23:49', '2021-05-14 21:00:00', 1, 1, 'Lorem ipsum dolor sit amet, consectetuer adipiscing elit', 'Lorem ipsum dolor sit amet, consectetuer adipiscing elit. Aenean commodo', 'EKO__JavaScript_4_0_1_1555399380.pdf', '2021-04-07 21:00:00');
INSERT INTO `step-homework`.homework (id, created, dead_line, group_id, teacher_id, topic, description, task_resource_url, lesson_date) VALUES (4, '2021-04-22 19:24:43', '2021-05-18 21:00:00', 1, 1, 'Lorem ipsum dolor sit amet', 'Lorem ipsum dolor sit amet, consectetuer adipiscing elit. Aenean commodo', '7 чудес древнего мира.txt', '2021-04-11 21:00:00');
INSERT INTO `step-homework`.homework (id, created, dead_line, group_id, teacher_id, topic, description, task_resource_url, lesson_date) VALUES (5, '2021-04-22 19:25:52', '2021-05-20 21:00:00', 1, 1, 'Lorem ipsum dolor sit amet, consectetuer', 'Lorem ipsum dolor sit amet, consectetuer adipiscing elit. Aenean commodo', 'achievTEST.svg', '2021-04-14 21:00:00');
INSERT INTO `step-homework`.homework (id, created, dead_line, group_id, teacher_id, topic, description, task_resource_url, lesson_date) VALUES (6, '2021-04-22 19:27:15', '2021-05-22 21:00:00', 1, 1, 'Lorem ipsum dolor sit amet', 'Lorem ipsum dolor sit amet, consectetuer adipiscing elit. Aenean commodo', 'achievement1.svg', '2021-04-16 21:00:00');
INSERT INTO `step-homework`.homework (id, created, dead_line, group_id, teacher_id, topic, description, task_resource_url, lesson_date) VALUES (7, '2021-04-22 19:35:08', '2021-05-23 21:00:00', 1, 1, 'Lorem ipsum dolor sit amet, consectetuer', 'Lorem ipsum dolor sit amet, consectetuer adipiscing elit. Aenean commodo', 'awesome_site.zip', '2021-04-18 21:00:00');
INSERT INTO `step-homework`.homework (id, created, dead_line, group_id, teacher_id, topic, description, task_resource_url, lesson_date) VALUES (8, '2021-04-22 19:35:54', '2021-05-24 21:00:00', 1, 1, 'Lorem ipsum dolor sit amet, consectetuer', 'Lorem ipsum dolor sit amet, consectetuer adipiscing elit. Aenean commodo', 'achievement.png', '2021-04-19 21:00:00');

INSERT INTO `step-homework`.student_answer (id, answer_resource_url, created, real_grade, student_id, comment, homework_id, status, student_comment) VALUES (1, 'achievement.svg', '2021-04-22 19:38:17', 6, 2, 'Lorem ipsum dolor sit amet, consectetuer adipiscing elit. Aenean commodo', 1, 'RETAKE', 'Lorem ipsum dolor sit amet, consectetuer adipiscing elit. Aenean commodo');
INSERT INTO `step-homework`.student_answer (id, answer_resource_url, created, real_grade, student_id, comment, homework_id, status, student_comment) VALUES (2, 'awesome_site.zip', '2021-04-22 19:38:51', 9, 2, 'Lorem ipsum dolor sit amet, consectetuer adipiscing elit. Aenean commodo', 2, 'ASSESSED', 'Lorem ipsum dolor sit amet, consectetuer adipiscing elit. Aenean commodo');
INSERT INTO `step-homework`.student_answer (id, answer_resource_url, created, real_grade, student_id, comment, homework_id, status, student_comment) VALUES (3, 'EKO__JavaScript_4_0_1_1555399380.pdf', '2021-04-22 19:39:12', 10, 2, 'Lorem ipsum dolor sit amet, consectetuer adipiscing elit. Aenean commodo', 3, 'ASSESSED', 'Lorem ipsum dolor sit amet, consectetuer adipiscing elit. Aenean commodo');
INSERT INTO `step-homework`.student_answer (id, answer_resource_url, created, real_grade, student_id, comment, homework_id, status, student_comment) VALUES (4, 'achievTEST.svg', '2021-04-22 19:45:51', 2, 2, 'Lorem ipsum dolor sit amet, consectetuer adipiscing elit. Aenean commodo', 4, 'RETAKE', 'Lorem ipsum dolor sit amet, consectetuer adipiscing elit. Aenean commodo');
INSERT INTO `step-homework`.student_answer (id, answer_resource_url, created, real_grade, student_id, comment, homework_id, status, student_comment) VALUES (5, 'achievement1.svg', '2021-04-22 19:46:06', 8, 2, 'Lorem ipsum dolor sit amet, consectetuer adipiscing elit. Aenean commodo', 5, 'ASSESSED', 'Lorem ipsum dolor sit amet, consectetuer adipiscing elit. Aenean commodo');
INSERT INTO `step-homework`.student_answer (id, answer_resource_url, created, real_grade, student_id, comment, homework_id, status, student_comment) VALUES (6, 'achievement.svg', '2021-04-22 19:46:30', 9, 2, 'Lorem ipsum dolor sit amet, consectetuer adipiscing elit. Aenean commodo', 8, 'ASSESSED', 'Lorem ipsum dolor sit amet, consectetuer adipiscing elit. Aenean commodo');
INSERT INTO `step-homework`.student_answer (id, answer_resource_url, created, real_grade, student_id, comment, homework_id, status, student_comment) VALUES (7, '7 чудес древнего мира.txt', '2021-04-22 19:49:18', 2, 2, 'Lorem ipsum dolor sit amet, consectetuer adipiscing elit. Aenean commodo', 1, 'RETAKE', 'Lorem ipsum dolor sit amet, consectetuer adipiscing elit. Aenean commodo');
INSERT INTO `step-homework`.student_answer (id, answer_resource_url, created, real_grade, student_id, comment, homework_id, status, student_comment) VALUES (8, 'snake.jar', '2021-04-22 19:50:13', 10, 2, 'Lorem ipsum dolor sit amet, consectetuer adipiscing elit. Aenean commodo', 4, 'ASSESSED', 'Lorem ipsum dolor sit amet, consectetuer adipiscing elit. Aenean commodo');
INSERT INTO `step-homework`.student_answer (id, answer_resource_url, created, real_grade, student_id, comment, homework_id, status, student_comment) VALUES (9, 'achievTEST.svg', '2021-04-22 19:52:29', 10, 3, 'Lorem ipsum dolor sit amet, consectetuer adipiscing elit. Aenean commodo', 1, 'ASSESSED', 'Lorem ipsum dolor sit amet, consectetuer adipiscing elit. Aenean commodo');
INSERT INTO `step-homework`.student_answer (id, answer_resource_url, created, real_grade, student_id, comment, homework_id, status, student_comment) VALUES (10, 'awesome_site.zip', '2021-04-22 19:52:42', 6, 3, 'Lorem ipsum dolor sit amet, consectetuer adipiscing elit. Aenean commodo', 3, 'RETAKE', 'Lorem ipsum dolor sit amet, consectetuer adipiscing elit. Aenean commodo');
INSERT INTO `step-homework`.student_answer (id, answer_resource_url, created, real_grade, student_id, comment, homework_id, status, student_comment) VALUES (11, 'achievTEST.svg', '2021-04-22 19:52:55', 9, 3, 'Lorem ipsum dolor sit amet, consectetuer adipiscing elit. Aenean commodo', 5, 'ASSESSED', 'Lorem ipsum dolor sit amet, consectetuer adipiscing elit. Aenean commodo');
INSERT INTO `step-homework`.student_answer (id, answer_resource_url, created, real_grade, student_id, comment, homework_id, status, student_comment) VALUES (12, 'achievTEST.svg', '2021-04-22 19:53:16', 9, 3, 'Lorem ipsum dolor sit amet, consectetuer adipiscing elit. Aenean commodo', 6, 'ASSESSED', 'Lorem ipsum dolor sit amet, consectetuer adipiscing elit. Aenean commodo');
INSERT INTO `step-homework`.student_answer (id, answer_resource_url, created, real_grade, student_id, comment, homework_id, status, student_comment) VALUES (13, 'achievement.png', '2021-04-22 19:55:16', 10, 3, 'Lorem ipsum dolor sit amet, consectetuer adipiscing elit. Aenean commodo', 7, 'ASSESSED', 'Lorem ipsum dolor sit amet, consectetuer adipiscing elit. Aenean commodo');
INSERT INTO `step-homework`.student_answer (id, answer_resource_url, created, real_grade, student_id, comment, homework_id, status, student_comment) VALUES (14, 'achievTEST.svg', '2021-04-22 19:56:43', null, 3, null, 8, 'PENDING', 'Lorem ipsum dolor sit amet, consectetuer adipiscing elit. Aenean commodo');
INSERT INTO `step-homework`.student_answer (id, answer_resource_url, created, real_grade, student_id, comment, homework_id, status, student_comment) VALUES (15, 'achievement1.svg', '2021-04-22 19:58:16', null, 4, null, 1, 'PENDING', 'Lorem ipsum dolor sit amet, consectetuer adipiscing elit. Aenean commodo');
INSERT INTO `step-homework`.student_answer (id, answer_resource_url, created, real_grade, student_id, comment, homework_id, status, student_comment) VALUES (16, 'achievTEST.svg', '2021-04-22 19:58:31', null, 4, null, 2, 'PENDING', 'Lorem ipsum dolor sit amet, consectetuer adipiscing elit. Aenean commodo');
INSERT INTO `step-homework`.student_answer (id, answer_resource_url, created, real_grade, student_id, comment, homework_id, status, student_comment) VALUES (17, 'achievTEST.svg', '2021-04-22 19:59:00', 2, 4, 'Lorem ipsum dolor sit amet, consectetuer adipiscing elit. Aenean commodo', 3, 'ASSESSED', 'Lorem ipsum dolor sit amet, consectetuer adipiscing elit. Aenean commodo');
INSERT INTO `step-homework`.student_answer (id, answer_resource_url, created, real_grade, student_id, comment, homework_id, status, student_comment) VALUES (18, 'achievTEST.svg', '2021-04-22 19:59:25', 10, 4, 'Lorem ipsum dolor sit amet, consectetuer adipiscing elit. Aenean commodo', 4, 'ASSESSED', 'Lorem ipsum dolor sit amet, consectetuer adipiscing elit. Aenean commodo');
INSERT INTO `step-homework`.student_answer (id, answer_resource_url, created, real_grade, student_id, comment, homework_id, status, student_comment) VALUES (19, 'achievement1.svg', '2021-04-22 19:59:38', 9, 4, 'Lorem ipsum dolor sit amet, consectetuer adipiscing elit. Aenean commodo', 5, 'ASSESSED', 'Lorem ipsum dolor sit amet, consectetuer adipiscing elit. Aenean commodo');
INSERT INTO `step-homework`.student_answer (id, answer_resource_url, created, real_grade, student_id, comment, homework_id, status, student_comment) VALUES (20, 'awesome_site.zip', '2021-04-22 19:59:51', 6, 4, 'Lorem ipsum dolor sit amet, consectetuer adipiscing elit. Aenean commodo', 6, 'RETAKE', 'Lorem ipsum dolor sit amet, consectetuer adipiscing elit. Aenean commodo');
INSERT INTO `step-homework`.student_answer (id, answer_resource_url, created, real_grade, student_id, comment, homework_id, status, student_comment) VALUES (21, 'awesome_site.zip', '2021-04-22 20:00:06', 9, 4, 'Lorem ipsum dolor sit amet, consectetuer adipiscing elit. Aenean commodo', 7, 'ASSESSED', 'Lorem ipsum dolor sit amet, consectetuer adipiscing elit. Aenean commodo');
INSERT INTO `step-homework`.student_answer (id, answer_resource_url, created, real_grade, student_id, comment, homework_id, status, student_comment) VALUES (22, 'awesome_site.zip', '2021-04-22 20:00:20', 10, 4, 'Lorem ipsum dolor sit amet, consectetuer adipiscing elit. Aenean commodo', 8, 'ASSESSED', 'Lorem ipsum dolor sit amet, consectetuer adipiscing elit. Aenean commodo');
INSERT INTO `step-homework`.student_answer (id, answer_resource_url, created, real_grade, student_id, comment, homework_id, status, student_comment) VALUES (23, 'achievTEST.svg', '2021-04-22 20:03:35', 10, 5, 'Lorem ipsum dolor sit amet, consectetuer adipiscing elit. Aenean commodo', 1, 'ASSESSED', 'Lorem ipsum dolor sit amet, consectetuer adipiscing elit. Aenean commodo');
INSERT INTO `step-homework`.student_answer (id, answer_resource_url, created, real_grade, student_id, comment, homework_id, status, student_comment) VALUES (24, 'data-picker.png', '2021-04-22 20:03:53', 10, 5, 'Lorem ipsum dolor sit amet, consectetuer adipiscing elit. Aenean commodo', 2, 'ASSESSED', 'Lorem ipsum dolor sit amet, consectetuer adipiscing elit. Aenean commodo');
INSERT INTO `step-homework`.student_answer (id, answer_resource_url, created, real_grade, student_id, comment, homework_id, status, student_comment) VALUES (25, 'answer.zip', '2021-04-22 20:05:13', 10, 5, 'Lorem ipsum dolor sit amet, consectetuer adipiscing elit. Aenean commodo', 3, 'ASSESSED', 'Lorem ipsum dolor sit amet, consectetuer adipiscing elit. Aenean commodo');
INSERT INTO `step-homework`.student_answer (id, answer_resource_url, created, real_grade, student_id, comment, homework_id, status, student_comment) VALUES (26, 'answer.zip', '2021-04-22 20:05:18', 10, 5, 'Lorem ipsum dolor sit amet, consectetuer adipiscing elit. Aenean commodo', 4, 'ASSESSED', 'Lorem ipsum dolor sit amet, consectetuer adipiscing elit. Aenean commodo');
INSERT INTO `step-homework`.student_answer (id, answer_resource_url, created, real_grade, student_id, comment, homework_id, status, student_comment) VALUES (27, 'answer.zip', '2021-04-22 20:05:23', 10, 5, 'Lorem ipsum dolor sit amet, consectetuer adipiscing elit. Aenean commodo', 5, 'ASSESSED', 'Lorem ipsum dolor sit amet, consectetuer adipiscing elit. Aenean commodo');
INSERT INTO `step-homework`.student_answer (id, answer_resource_url, created, real_grade, student_id, comment, homework_id, status, student_comment) VALUES (28, 'answer.zip', '2021-04-22 20:05:28', 10, 5, 'Lorem ipsum dolor sit amet, consectetuer adipiscing elit. Aenean commodo', 6, 'ASSESSED', 'Lorem ipsum dolor sit amet, consectetuer adipiscing elit. Aenean commodo');
INSERT INTO `step-homework`.student_answer (id, answer_resource_url, created, real_grade, student_id, comment, homework_id, status, student_comment) VALUES (29, 'answer.zip', '2021-04-22 20:07:29', null, 6, null, 1, 'PENDING', 'Lorem ipsum dolor sit amet, consectetuer adipiscing elit. Aenean commodo');
INSERT INTO `step-homework`.student_answer (id, answer_resource_url, created, real_grade, student_id, comment, homework_id, status, student_comment) VALUES (30, 'answer.zip', '2021-04-22 20:07:34', null, 6, null, 3, 'PENDING', 'Lorem ipsum dolor sit amet, consectetuer adipiscing elit. Aenean commodo');
INSERT INTO `step-homework`.student_answer (id, answer_resource_url, created, real_grade, student_id, comment, homework_id, status, student_comment) VALUES (31, 'answer.zip', '2021-04-22 20:07:38', null, 6, null, 6, 'PENDING', 'Lorem ipsum dolor sit amet, consectetuer adipiscing elit. Aenean commodo');
INSERT INTO `step-homework`.student_answer (id, answer_resource_url, created, real_grade, student_id, comment, homework_id, status, student_comment) VALUES (32, 'answer.zip', '2021-04-22 20:08:26', 9, 7, 'Lorem ipsum dolor sit amet, consectetuer adipiscing elit. Aenean commodo', 1, 'ASSESSED', 'Lorem ipsum dolor sit amet, consectetuer adipiscing elit. Aenean commodo');
INSERT INTO `step-homework`.student_answer (id, answer_resource_url, created, real_grade, student_id, comment, homework_id, status, student_comment) VALUES (33, 'answer.zip', '2021-04-22 20:08:31', 10, 7, 'Lorem ipsum dolor sit amet, consectetuer adipiscing elit. Aenean commodo', 2, 'ASSESSED', 'Lorem ipsum dolor sit amet, consectetuer adipiscing elit. Aenean commodo');
INSERT INTO `step-homework`.student_answer (id, answer_resource_url, created, real_grade, student_id, comment, homework_id, status, student_comment) VALUES (34, 'answer.zip', '2021-04-22 20:08:37', 9, 7, 'Lorem ipsum dolor sit amet, consectetuer adipiscing elit. Aenean commodo', 3, 'ASSESSED', 'Lorem ipsum dolor sit amet, consectetuer adipiscing elit. Aenean commodo');
INSERT INTO `step-homework`.student_answer (id, answer_resource_url, created, real_grade, student_id, comment, homework_id, status, student_comment) VALUES (35, 'answer.zip', '2021-04-22 20:08:41', 7, 7, 'Lorem ipsum dolor sit amet, consectetuer adipiscing elit. Aenean commodo', 4, 'RETAKE', 'Lorem ipsum dolor sit amet, consectetuer adipiscing elit. Aenean commodo');
INSERT INTO `step-homework`.student_answer (id, answer_resource_url, created, real_grade, student_id, comment, homework_id, status, student_comment) VALUES (36, 'answer.zip', '2021-04-22 20:08:49', 5, 7, 'Lorem ipsum dolor sit amet, consectetuer adipiscing elit. Aenean commodo', 5, 'ASSESSED', 'Lorem ipsum dolor sit amet, consectetuer adipiscing elit. Aenean commodo');
INSERT INTO `step-homework`.student_answer (id, answer_resource_url, created, real_grade, student_id, comment, homework_id, status, student_comment) VALUES (37, 'answer.zip', '2021-04-22 20:08:54', 2, 7, 'Lorem ipsum dolor sit amet, consectetuer adipiscing elit. Aenean commodo', 6, 'RETAKE', 'Lorem ipsum dolor sit amet, consectetuer adipiscing elit. Aenean commodo');
INSERT INTO `step-homework`.student_answer (id, answer_resource_url, created, real_grade, student_id, comment, homework_id, status, student_comment) VALUES (38, 'answer.zip', '2021-04-22 20:09:00', 6, 7, 'Lorem ipsum dolor sit amet, consectetuer adipiscing elit. Aenean commodo', 7, 'RETAKE', 'Lorem ipsum dolor sit amet, consectetuer adipiscing elit. Aenean commodo');
INSERT INTO `step-homework`.student_answer (id, answer_resource_url, created, real_grade, student_id, comment, homework_id, status, student_comment) VALUES (39, 'answer.zip', '2021-04-22 20:09:05', 5, 7, 'Lorem ipsum dolor sit amet, consectetuer adipiscing elit. Aenean commodo', 8, 'RETAKE', 'Lorem ipsum dolor sit amet, consectetuer adipiscing elit. Aenean commodo');
INSERT INTO `step-homework`.student_answer (id, answer_resource_url, created, real_grade, student_id, comment, homework_id, status, student_comment) VALUES (40, 'answer.zip', '2021-04-22 20:11:42', 10, 8, 'Lorem ipsum dolor sit amet, consectetuer adipiscing elit. Aenean commodo', 1, 'ASSESSED', 'Lorem ipsum dolor sit amet, consectetuer adipiscing elit. Aenean commodo');
INSERT INTO `step-homework`.student_answer (id, answer_resource_url, created, real_grade, student_id, comment, homework_id, status, student_comment) VALUES (41, 'answer.zip', '2021-04-22 20:11:48', 10, 8, 'Lorem ipsum dolor sit amet, consectetuer adipiscing elit. Aenean commodo', 2, 'ASSESSED', 'Lorem ipsum dolor sit amet, consectetuer adipiscing elit. Aenean commodo');
INSERT INTO `step-homework`.student_answer (id, answer_resource_url, created, real_grade, student_id, comment, homework_id, status, student_comment) VALUES (42, 'answer.zip', '2021-04-22 20:11:53', 10, 8, 'Lorem ipsum dolor sit amet, consectetuer adipiscing elit. Aenean commodo', 3, 'ASSESSED', 'Lorem ipsum dolor sit amet, consectetuer adipiscing elit. Aenean commodo');
INSERT INTO `step-homework`.student_answer (id, answer_resource_url, created, real_grade, student_id, comment, homework_id, status, student_comment) VALUES (43, 'answer.zip', '2021-04-22 20:11:58', 10, 8, 'Lorem ipsum dolor sit amet, consectetuer adipiscing elit. Aenean commodo', 4, 'ASSESSED', 'Lorem ipsum dolor sit amet, consectetuer adipiscing elit. Aenean commodo');
INSERT INTO `step-homework`.student_answer (id, answer_resource_url, created, real_grade, student_id, comment, homework_id, status, student_comment) VALUES (44, 'answer.zip', '2021-04-22 20:12:04', 10, 8, 'Lorem ipsum dolor sit amet, consectetuer adipiscing elit. Aenean commodo', 5, 'ASSESSED', 'Lorem ipsum dolor sit amet, consectetuer adipiscing elit. Aenean commodo');
INSERT INTO `step-homework`.student_answer (id, answer_resource_url, created, real_grade, student_id, comment, homework_id, status, student_comment) VALUES (45, 'answer.zip', '2021-04-22 20:12:10', 10, 8, 'Lorem ipsum dolor sit amet, consectetuer adipiscing elit. Aenean commodo', 6, 'ASSESSED', 'Lorem ipsum dolor sit amet, consectetuer adipiscing elit. Aenean commodo');
INSERT INTO `step-homework`.student_answer (id, answer_resource_url, created, real_grade, student_id, comment, homework_id, status, student_comment) VALUES (46, 'answer.zip', '2021-04-22 20:12:16', 9, 8, 'Lorem ipsum dolor sit amet, consectetuer adipiscing elit. Aenean commodo', 7, 'ASSESSED', 'Lorem ipsum dolor sit amet, consectetuer adipiscing elit. Aenean commodo');
INSERT INTO `step-homework`.student_answer (id, answer_resource_url, created, real_grade, student_id, comment, homework_id, status, student_comment) VALUES (47, 'answer.zip', '2021-04-22 20:14:08', 7, 9, 'Lorem ipsum dolor sit amet, consectetuer adipiscing elit. Aenean commodo', 1, 'RETAKE', 'Lorem ipsum dolor sit amet, consectetuer adipiscing elit. Aenean commodo');
INSERT INTO `step-homework`.student_answer (id, answer_resource_url, created, real_grade, student_id, comment, homework_id, status, student_comment) VALUES (48, 'answer.zip', '2021-04-22 20:14:12', 8, 9, 'Lorem ipsum dolor sit amet, consectetuer adipiscing elit. Aenean commodo', 2, 'ASSESSED', 'Lorem ipsum dolor sit amet, consectetuer adipiscing elit. Aenean commodo');
INSERT INTO `step-homework`.student_answer (id, answer_resource_url, created, real_grade, student_id, comment, homework_id, status, student_comment) VALUES (49, 'answer.zip', '2021-04-22 20:14:16', 9, 9, 'Lorem ipsum dolor sit amet, consectetuer adipiscing elit. Aenean commodo', 3, 'ASSESSED', 'Lorem ipsum dolor sit amet, consectetuer adipiscing elit. Aenean commodo');
INSERT INTO `step-homework`.student_answer (id, answer_resource_url, created, real_grade, student_id, comment, homework_id, status, student_comment) VALUES (50, 'answer.zip', '2021-04-22 20:14:19', 10, 9, 'Lorem ipsum dolor sit amet, consectetuer adipiscing elit. Aenean commodo', 4, 'ASSESSED', 'Lorem ipsum dolor sit amet, consectetuer adipiscing elit. Aenean commodo');
INSERT INTO `step-homework`.student_answer (id, answer_resource_url, created, real_grade, student_id, comment, homework_id, status, student_comment) VALUES (51, 'answer.zip', '2021-04-22 20:14:22', null, 9, null, 5, 'PENDING', 'Lorem ipsum dolor sit amet, consectetuer adipiscing elit. Aenean commodo');
INSERT INTO `step-homework`.student_answer (id, answer_resource_url, created, real_grade, student_id, comment, homework_id, status, student_comment) VALUES (52, 'answer.zip', '2021-04-22 20:14:25', null, 9, null, 6, 'PENDING', 'Lorem ipsum dolor sit amet, consectetuer adipiscing elit. Aenean commodo');
INSERT INTO `step-homework`.student_answer (id, answer_resource_url, created, real_grade, student_id, comment, homework_id, status, student_comment) VALUES (53, 'answer.zip', '2021-04-22 20:16:04', 10, 10, 'Lorem ipsum dolor sit amet, consectetuer adipiscing elit. Aenean commodo', 1, 'ASSESSED', 'Lorem ipsum dolor sit amet, consectetuer adipiscing elit. Aenean commodo');
INSERT INTO `step-homework`.student_answer (id, answer_resource_url, created, real_grade, student_id, comment, homework_id, status, student_comment) VALUES (54, 'answer.zip', '2021-04-22 20:16:07', 10, 10, 'Lorem ipsum dolor sit amet, consectetuer adipiscing elit. Aenean commodo', 2, 'ASSESSED', 'Lorem ipsum dolor sit amet, consectetuer adipiscing elit. Aenean commodo');
INSERT INTO `step-homework`.student_answer (id, answer_resource_url, created, real_grade, student_id, comment, homework_id, status, student_comment) VALUES (55, 'answer.zip', '2021-04-22 20:16:10', 10, 10, 'Lorem ipsum dolor sit amet, consectetuer adipiscing elit. Aenean commodo', 3, 'ASSESSED', 'Lorem ipsum dolor sit amet, consectetuer adipiscing elit. Aenean commodo');
INSERT INTO `step-homework`.student_answer (id, answer_resource_url, created, real_grade, student_id, comment, homework_id, status, student_comment) VALUES (56, 'answer.zip', '2021-04-22 20:16:14', 10, 10, 'Lorem ipsum dolor sit amet, consectetuer adipiscing elit. Aenean commodo', 4, 'ASSESSED', 'Lorem ipsum dolor sit amet, consectetuer adipiscing elit. Aenean commodo');
INSERT INTO `step-homework`.student_answer (id, answer_resource_url, created, real_grade, student_id, comment, homework_id, status, student_comment) VALUES (57, 'answer.zip', '2021-04-22 20:16:18', 10, 10, 'Lorem ipsum dolor sit amet, consectetuer adipiscing elit. Aenean commodo', 5, 'ASSESSED', 'Lorem ipsum dolor sit amet, consectetuer adipiscing elit. Aenean commodo');
INSERT INTO `step-homework`.student_answer (id, answer_resource_url, created, real_grade, student_id, comment, homework_id, status, student_comment) VALUES (58, 'answer.zip', '2021-04-22 20:16:22', 10, 10, 'Lorem ipsum dolor sit amet, consectetuer adipiscing elit. Aenean commodo', 6, 'ASSESSED', 'Lorem ipsum dolor sit amet, consectetuer adipiscing elit. Aenean commodo');
INSERT INTO `step-homework`.student_answer (id, answer_resource_url, created, real_grade, student_id, comment, homework_id, status, student_comment) VALUES (59, 'answer.zip', '2021-04-22 20:16:26', 10, 10, 'Lorem ipsum dolor sit amet, consectetuer adipiscing elit. Aenean commodo', 7, 'ASSESSED', 'Lorem ipsum dolor sit amet, consectetuer adipiscing elit. Aenean commodo');
INSERT INTO `step-homework`.student_answer (id, answer_resource_url, created, real_grade, student_id, comment, homework_id, status, student_comment) VALUES (60, 'answer.zip', '2021-04-22 20:16:30', 10, 10, 'Lorem ipsum dolor sit amet, consectetuer adipiscing elit. Aenean commodo', 8, 'ASSESSED', 'Lorem ipsum dolor sit amet, consectetuer adipiscing elit. Aenean commodo');
INSERT INTO `step-homework`.student_answer (id, answer_resource_url, created, real_grade, student_id, comment, homework_id, status, student_comment) VALUES (61, 'answer.zip', '2021-04-22 20:18:16', 8, 11, 'Lorem ipsum dolor sit amet, consectetuer adipiscing elit. Aenean commodo', 2, 'ASSESSED', 'Lorem ipsum dolor sit amet, consectetuer adipiscing elit. Aenean commodo');
INSERT INTO `step-homework`.student_answer (id, answer_resource_url, created, real_grade, student_id, comment, homework_id, status, student_comment) VALUES (62, 'answer.zip', '2021-04-22 20:18:21', null, 11, null, 3, 'PENDING', 'Lorem ipsum dolor sit amet, consectetuer adipiscing elit. Aenean commodo');
INSERT INTO `step-homework`.student_answer (id, answer_resource_url, created, real_grade, student_id, comment, homework_id, status, student_comment) VALUES (63, 'answer.zip', '2021-04-22 20:18:24', 1, 11, 'Lorem ipsum dolor sit amet, consectetuer adipiscing elit. Aenean commodo', 4, 'RETAKE', 'Lorem ipsum dolor sit amet, consectetuer adipiscing elit. Aenean commodo');
INSERT INTO `step-homework`.student_answer (id, answer_resource_url, created, real_grade, student_id, comment, homework_id, status, student_comment) VALUES (64, 'answer.zip', '2021-04-22 20:18:27', 10, 11, 'Lorem ipsum dolor sit amet, consectetuer adipiscing elit. Aenean commodo', 6, 'ASSESSED', 'Lorem ipsum dolor sit amet, consectetuer adipiscing elit. Aenean commodo');
INSERT INTO `step-homework`.student_answer (id, answer_resource_url, created, real_grade, student_id, comment, homework_id, status, student_comment) VALUES (65, 'answer.zip', '2021-04-22 20:18:31', 6, 11, 'Lorem ipsum dolor sit amet, consectetuer adipiscing elit. Aenean commodo', 8, 'RETAKE', 'Lorem ipsum dolor sit amet, consectetuer adipiscing elit. Aenean commodo');
INSERT INTO `step-homework`.student_answer (id, answer_resource_url, created, real_grade, student_id, comment, homework_id, status, student_comment) VALUES (66, 'answer.zip', '2021-04-22 20:20:40', null, 14, null, 1, 'PENDING', 'Lorem ipsum dolor sit amet, consectetuer adipiscing elit. Aenean commodo');
INSERT INTO `step-homework`.student_answer (id, answer_resource_url, created, real_grade, student_id, comment, homework_id, status, student_comment) VALUES (67, 'answer.zip', '2021-04-22 20:20:44', null, 14, null, 2, 'PENDING', 'Lorem ipsum dolor sit amet, consectetuer adipiscing elit. Aenean commodo');
INSERT INTO `step-homework`.student_answer (id, answer_resource_url, created, real_grade, student_id, comment, homework_id, status, student_comment) VALUES (68, 'answer.zip', '2021-04-22 20:20:47', 2, 14, 'Lorem ipsum dolor sit amet, consectetuer adipiscing elit. Aenean commodo', 3, 'RETAKE', 'Lorem ipsum dolor sit amet, consectetuer adipiscing elit. Aenean commodo');
INSERT INTO `step-homework`.student_answer (id, answer_resource_url, created, real_grade, student_id, comment, homework_id, status, student_comment) VALUES (69, 'answer.zip', '2021-04-22 20:20:50', 9, 14, 'Lorem ipsum dolor sit amet, consectetuer adipiscing elit. Aenean commodo', 4, 'ASSESSED', 'Lorem ipsum dolor sit amet, consectetuer adipiscing elit. Aenean commodo');
INSERT INTO `step-homework`.student_answer (id, answer_resource_url, created, real_grade, student_id, comment, homework_id, status, student_comment) VALUES (70, 'answer.zip', '2021-04-22 20:20:53', 4, 14, 'Lorem ipsum dolor sit amet, consectetuer adipiscing elit. Aenean commodo', 5, 'RETAKE', 'Lorem ipsum dolor sit amet, consectetuer adipiscing elit. Aenean commodo');
INSERT INTO `step-homework`.student_answer (id, answer_resource_url, created, real_grade, student_id, comment, homework_id, status, student_comment) VALUES (71, 'answer.zip', '2021-04-22 20:20:57', 10, 14, 'Lorem ipsum dolor sit amet, consectetuer adipiscing elit. Aenean commodo', 6, 'ASSESSED', 'Lorem ipsum dolor sit amet, consectetuer adipiscing elit. Aenean commodo');
INSERT INTO `step-homework`.student_answer (id, answer_resource_url, created, real_grade, student_id, comment, homework_id, status, student_comment) VALUES (72, 'answer.zip', '2021-04-22 20:21:00', 9, 14, 'Lorem ipsum dolor sit amet, consectetuer adipiscing elit. Aenean commodo', 7, 'ASSESSED', 'Lorem ipsum dolor sit amet, consectetuer adipiscing elit. Aenean commodo');
INSERT INTO `step-homework`.student_answer (id, answer_resource_url, created, real_grade, student_id, comment, homework_id, status, student_comment) VALUES (73, 'answer.zip', '2021-04-22 20:21:05', 8, 14, 'Lorem ipsum dolor sit amet, consectetuer adipiscing elit. Aenean commodo', 8, 'ASSESSED', 'Lorem ipsum dolor sit amet, consectetuer adipiscing elit. Aenean commodo');
INSERT INTO `step-homework`.student_answer (id, answer_resource_url, created, real_grade, student_id, comment, homework_id, status, student_comment) VALUES (74, 'answer.zip', '2021-04-22 20:22:35', 9, 17, 'Lorem ipsum dolor sit amet, consectetuer adipiscing elit. Aenean commodo', 1, 'ASSESSED', 'Lorem ipsum dolor sit amet, consectetuer adipiscing elit. Aenean commodo');
INSERT INTO `step-homework`.student_answer (id, answer_resource_url, created, real_grade, student_id, comment, homework_id, status, student_comment) VALUES (75, 'answer.zip', '2021-04-22 20:22:39', 5, 17, 'Lorem ipsum dolor sit amet, consectetuer adipiscing elit. Aenean commodo', 2, 'RETAKE', 'Lorem ipsum dolor sit amet, consectetuer adipiscing elit. Aenean commodo');
INSERT INTO `step-homework`.student_answer (id, answer_resource_url, created, real_grade, student_id, comment, homework_id, status, student_comment) VALUES (76, 'answer.zip', '2021-04-22 20:22:43', 2, 17, 'Lorem ipsum dolor sit amet, consectetuer adipiscing elit. Aenean commodo', 3, 'RETAKE', 'Lorem ipsum dolor sit amet, consectetuer adipiscing elit. Aenean commodo');
INSERT INTO `step-homework`.student_answer (id, answer_resource_url, created, real_grade, student_id, comment, homework_id, status, student_comment) VALUES (77, 'answer.zip', '2021-04-22 20:22:47', 9, 17, 'Lorem ipsum dolor sit amet, consectetuer adipiscing elit. Aenean commodo', 4, 'ASSESSED', 'Lorem ipsum dolor sit amet, consectetuer adipiscing elit. Aenean commodo');
INSERT INTO `step-homework`.student_answer (id, answer_resource_url, created, real_grade, student_id, comment, homework_id, status, student_comment) VALUES (78, 'answer.zip', '2021-04-22 20:22:51', 7, 17, 'Lorem ipsum dolor sit amet, consectetuer adipiscing elit. Aenean commodo', 5, 'ASSESSED', 'Lorem ipsum dolor sit amet, consectetuer adipiscing elit. Aenean commodo');
INSERT INTO `step-homework`.student_answer (id, answer_resource_url, created, real_grade, student_id, comment, homework_id, status, student_comment) VALUES (79, 'answer.zip', '2021-04-22 20:22:54', 7, 17, 'Lorem ipsum dolor sit amet, consectetuer adipiscing elit. Aenean commodo', 6, 'ASSESSED', 'Lorem ipsum dolor sit amet, consectetuer adipiscing elit. Aenean commodo');
INSERT INTO `step-homework`.student_answer (id, answer_resource_url, created, real_grade, student_id, comment, homework_id, status, student_comment) VALUES (80, 'answer.zip', '2021-04-22 20:23:02', 2, 17, 'Lorem ipsum dolor sit amet, consectetuer adipiscing elit. Aenean commodo', 7, 'RETAKE', 'Lorem ipsum dolor sit amet, consectetuer adipiscing elit. Aenean commodo');
INSERT INTO `step-homework`.student_answer (id, answer_resource_url, created, real_grade, student_id, comment, homework_id, status, student_comment) VALUES (81, 'answer.zip', '2021-04-22 20:27:36', 10, 19, 'Lorem ipsum dolor sit amet, consectetuer adipiscing elit. Aenean commodo', 1, 'ASSESSED', 'Lorem ipsum dolor sit amet, consectetuer adipiscing elit. Aenean commodo');
INSERT INTO `step-homework`.student_answer (id, answer_resource_url, created, real_grade, student_id, comment, homework_id, status, student_comment) VALUES (82, 'answer.zip', '2021-04-22 20:27:38', 10, 19, 'Lorem ipsum dolor sit amet, consectetuer adipiscing elit. Aenean commodo', 2, 'ASSESSED', 'Lorem ipsum dolor sit amet, consectetuer adipiscing elit. Aenean commodo');
INSERT INTO `step-homework`.student_answer (id, answer_resource_url, created, real_grade, student_id, comment, homework_id, status, student_comment) VALUES (83, 'answer.zip', '2021-04-22 20:27:41', 9, 19, 'Lorem ipsum dolor sit amet, consectetuer adipiscing elit. Aenean commodo', 3, 'ASSESSED', 'Lorem ipsum dolor sit amet, consectetuer adipiscing elit. Aenean commodo');
INSERT INTO `step-homework`.student_answer (id, answer_resource_url, created, real_grade, student_id, comment, homework_id, status, student_comment) VALUES (84, 'answer.zip', '2021-04-22 20:27:45', 9, 19, 'Lorem ipsum dolor sit amet, consectetuer adipiscing elit. Aenean commodo', 4, 'ASSESSED', 'Lorem ipsum dolor sit amet, consectetuer adipiscing elit. Aenean commodo');
INSERT INTO `step-homework`.student_answer (id, answer_resource_url, created, real_grade, student_id, comment, homework_id, status, student_comment) VALUES (85, 'answer.zip', '2021-04-22 20:27:48', 10, 19, 'Lorem ipsum dolor sit amet, consectetuer adipiscing elit. Aenean commodo', 5, 'ASSESSED', 'Lorem ipsum dolor sit amet, consectetuer adipiscing elit. Aenean commodo');
INSERT INTO `step-homework`.student_answer (id, answer_resource_url, created, real_grade, student_id, comment, homework_id, status, student_comment) VALUES (86, 'answer.zip', '2021-04-22 20:27:52', 9, 19, 'Lorem ipsum dolor sit amet, consectetuer adipiscing elit. Aenean commodo', 6, 'ASSESSED', 'Lorem ipsum dolor sit amet, consectetuer adipiscing elit. Aenean commodo');
INSERT INTO `step-homework`.student_answer (id, answer_resource_url, created, real_grade, student_id, comment, homework_id, status, student_comment) VALUES (87, 'answer.zip', '2021-04-22 20:27:57', 10, 19, 'Lorem ipsum dolor sit amet, consectetuer adipiscing elit. Aenean commodo', 7, 'ASSESSED', 'Lorem ipsum dolor sit amet, consectetuer adipiscing elit. Aenean commodo');
INSERT INTO `step-homework`.student_answer (id, answer_resource_url, created, real_grade, student_id, comment, homework_id, status, student_comment) VALUES (88, 'answer.zip', '2021-04-22 20:28:02', 9, 19, 'Lorem ipsum dolor sit amet, consectetuer adipiscing elit. Aenean commodo', 8, 'ASSESSED', 'Lorem ipsum dolor sit amet, consectetuer adipiscing elit. Aenean commodo');
INSERT INTO `step-homework`.student_answer (id, answer_resource_url, created, real_grade, student_id, comment, homework_id, status, student_comment) VALUES (89, 'answer.zip', '2021-04-22 20:34:14', null, 2, null, 6, 'PENDING', 'Lorem ipsum dolor sit amet, consectetuer adipiscing elit. Aenean commodo');

